UTCTIME,UNIXTIME,ALT,LAT,LON,#SATS,FIX,HORZV,VERTV,HEAD,FLAGS,>40,>32,>24,RSSI,BATT,Altitude AGL,Launch detection,Apogee detection,Landing detection,Distance (feet)
Mar 22 2026 21:19:36.500 UTC,1774232376.5,1259.3,37.16875,-97.73390,31,3,0,0,-32,3,5,13,3,-61,3.998,0.3,FALSE,FALSE,FALSE,0.0000
Mar 22 2026 21:19:36.700 UTC,1774232376.7,1259.3,37.16875,-97.73390,31,3,0,0,-101,3,5,13,3,-61,3.998,0.3,FALSE,FALSE,FALSE,0.0000
Mar 22 2026 21:19:36.800 UTC,1774232376.8,1259.3,37.16875,-97.73390,31,3,0,0,109,3,5,13,3,-61,3.998,0.3,FALSE,FALSE,FALSE,0.0000
Mar 22 2026 21:19:36.900 UTC,1774232376.9,1259.3,37.16875,-97.73390,31,3,0,0,41,3,5,13,3,-61,3.998,0.3,FALSE,FALSE,FALSE,0.0000
Mar 22 2026 21:19:37.000 UTC,1774232377.0,1259.3,37.16875,-97.73390,31,3,0,0,-96,3,5,13,3,-61,3.998,0.3,FALSE,FALSE,FALSE,0.0000
Mar 22 2026 21:19:37.200 UTC,1774232377.2,1259.3,37.16875,-97.73390,31,3,0,0,13,3,5,13,3,-55,3.998,0.3,FALSE,FALSE,FALSE,0.0000
Mar 22 2026 21:19:37.300 UTC,1774232377.3,1259.3,37.16875,-97.73390,31,3,0,0,-102,3,5,13,3,-55,3.998,0.3,FALSE,FALSE,FALSE,0.0000
Mar 22 2026 21:19:37.400 UTC,1774232377.4,1259.3,37.16875,-97.73390,31,3,0,0,128,3,5,13,3,-55,3.998,0.3,FALSE,FALSE,FALSE,0.0000
Mar 22 2026 21:19:37.500 UTC,1774232377.5,1259.3,37.16875,-97.73390,31,3,0,0,-4,3,5,13,3,-55,3.998,0.3,FALSE,FALSE,FALSE,0.0000
Mar 22 2026 21:19:37.600 UTC,1774232377.6,1259.3,37.16875,-97.73390,31,3,0,0,90,3,5,13,3,-55,3.998,0.3,FALSE,FALSE,FALSE,0.0000
Mar 22 2026 21:19:37.700 UTC,1774232377.7,1259.3,37.16875,-97.73390,31,3,0,0,2,3,5,13,3,-55,3.998,0.3,FALSE,FALSE,FALSE,0.0000
Mar 22 2026 21:19:37.800 UTC,1774232377.8,1259.3,37.16875,-97.73390,31,3,0,0,-29,3,5,13,3,-55,3.998,0.3,FALSE,FALSE,FALSE,0.0000
Mar 22 2026 21:19:37.900 UTC,1774232377.9,1259.3,37.16875,-97.73390,31,3,0,0,169,3,5,13,3,-55,3.998,0.3,FALSE,FALSE,FALSE,0.0000
Mar 22 2026 21:19:38.000 UTC,1774232378.0,1259.3,37.16875,-97.73390,31,3,0,0,14,3,5,13,3,-55,3.998,0.3,FALSE,FALSE,FALSE,0.0000
Mar 22 2026 21:19:38.200 UTC,1774232378.2,1259.4,37.16875,-97.73390,31,3,0,0,-168,3,5,13,3,-51,3.998,0.4,FALSE,FALSE,FALSE,0.0000
Mar 22 2026 21:19:38.300 UTC,1774232378.3,1259.4,37.16875,-97.73390,31,3,0,0,46,3,5,13,3,-51,3.998,0.4,FALSE,FALSE,FALSE,0.0000
Mar 22 2026 21:19:38.400 UTC,1774232378.4,1259.4,37.16875,-97.73390,31,3,0,0,-33,3,5,13,3,-51,3.998,0.4,FALSE,FALSE,FALSE,0.0000
Mar 22 2026 21:19:38.500 UTC,1774232378.5,1259.4,37.16875,-97.73390,31,3,0,0,-169,3,5,13,3,-51,3.998,0.4,FALSE,FALSE,FALSE,0.0000
Mar 22 2026 21:19:38.600 UTC,1774232378.6,1259.4,37.16875,-97.73390,31,3,0,0,178,3,5,13,3,-51,3.998,0.4,FALSE,FALSE,FALSE,0.0000
Mar 22 2026 21:19:38.700 UTC,1774232378.7,1259.4,37.16875,-97.73390,31,3,0,0,-11,3,5,13,3,-51,3.995,0.4,FALSE,FALSE,FALSE,0.0000
Mar 22 2026 21:19:38.800 UTC,1774232378.8,1259.4,37.16875,-97.73390,31,3,0,0,-57,3,5,13,3,-51,3.995,0.4,FALSE,FALSE,FALSE,0.0000
Mar 22 2026 21:19:38.900 UTC,1774232378.9,1259.4,37.16875,-97.73390,31,3,0,0,158,3,5,13,3,-51,3.995,0.4,FALSE,FALSE,FALSE,0.0000
Mar 22 2026 21:19:39.000 UTC,1774232379.0,1259.4,37.16875,-97.73390,31,3,0,0,-39,3,5,13,3,-51,3.995,0.4,FALSE,FALSE,FALSE,0.0000
Mar 22 2026 21:19:39.200 UTC,1774232379.2,1259.4,37.16875,-97.73390,31,3,0,0,-64,3,5,13,3,-52,3.995,0.4,FALSE,FALSE,FALSE,0.0000
Mar 22 2026 21:19:39.300 UTC,1774232379.3,1259.4,37.16875,-97.73390,31,3,0,0,-74,3,5,13,3,-52,3.995,0.4,FALSE,FALSE,FALSE,0.0000
Mar 22 2026 21:19:39.400 UTC,1774232379.4,1259.5,37.16875,-97.73390,31,3,0,0,104,3,5,13,3,-52,3.995,0.5,FALSE,FALSE,FALSE,0.0000
Mar 22 2026 21:19:39.500 UTC,1774232379.5,1259.5,37.16875,-97.73390,31,3,0,0,-149,3,5,13,3,-52,3.995,0.5,FALSE,FALSE,FALSE,0.0000
Mar 22 2026 21:19:39.600 UTC,1774232379.6,1259.5,37.16875,-97.73390,31,3,0,0,-38,3,5,13,3,-52,3.995,0.5,FALSE,FALSE,FALSE,0.0000
Mar 22 2026 21:19:39.700 UTC,1774232379.7,1259.5,37.16875,-97.73390,31,3,0,0,-169,3,5,13,3,-52,3.995,0.5,FALSE,FALSE,FALSE,0.0000
Mar 22 2026 21:19:39.800 UTC,1774232379.8,1259.5,37.16875,-97.73390,31,3,0,0,80,3,5,13,3,-52,3.995,0.5,FALSE,FALSE,FALSE,0.0000
Mar 22 2026 21:19:39.900 UTC,1774232379.9,1259.5,37.16875,-97.73390,31,3,0,0,-22,3,5,13,3,-52,3.995,0.5,FALSE,FALSE,FALSE,0.0000
Mar 22 2026 21:19:40.000 UTC,1774232380.0,1259.5,37.16875,-97.73390,31,3,0,0,-135,3,5,13,3,-52,3.995,0.5,FALSE,FALSE,FALSE,0.0000
Mar 22 2026 21:19:40.200 UTC,1774232380.2,1259.5,37.16875,-97.73390,31,3,0,0,4,3,5,13,3,-55,3.995,0.5,FALSE,FALSE,FALSE,0.0000
Mar 22 2026 21:19:40.300 UTC,1774232380.3,1259.5,37.16875,-97.73390,31,3,0,0,-151,3,5,13,3,-55,3.995,0.5,FALSE,FALSE,FALSE,0.0000
Mar 22 2026 21:19:40.400 UTC,1774232380.4,1259.5,37.16875,-97.73390,31,3,0,0,-90,3,5,13,3,-55,3.995,0.5,FALSE,FALSE,FALSE,0.0000
Mar 22 2026 21:19:40.500 UTC,1774232380.5,1259.5,37.16875,-97.73390,31,3,0,0,93,3,5,13,3,-55,3.995,0.5,FALSE,FALSE,FALSE,0.0000
Mar 22 2026 21:19:40.600 UTC,1774232380.6,1259.7,37.16875,-97.73390,30,3,1,3,25,3,4,13,3,-55,3.995,0.7,TRUE,FALSE,FALSE,0.0000
Mar 22 2026 21:19:40.700 UTC,1774232380.7,1260.4,37.16875,-97.73390,25,3,6,10,94,3,4,8,5,-55,3.995,1.4,TRUE,FALSE,FALSE,0.0000
Mar 22 2026 21:19:40.900 UTC,1774232380.9,1273.3,37.16875,-97.73389,24,3,1,117,67,3,3,7,4,-55,3.995,14.3,TRUE,FALSE,FALSE,2.2268
Mar 22 2026 21:19:41.100 UTC,1774232381.1,1304.0,37.16875,-97.73389,26,3,2,187,157,3,4,7,6,-56,3.976,45.0,TRUE,FALSE,FALSE,2.2268
Mar 22 2026 21:19:41.300 UTC,1774232381.3,1348.5,37.16874,-97.73389,29,3,3,255,130,3,5,7,6,-56,3.976,89.5,TRUE,FALSE,FALSE,2.6089
Mar 22 2026 21:19:41.400 UTC,1774232381.4,1376.2,37.16874,-97.73389,23,3,3,290,121,3,5,7,4,-56,3.976,117.2,TRUE,FALSE,FALSE,2.6089
Mar 22 2026 21:19:41.700 UTC,1774232381.7,1480.2,37.16874,-97.73389,22,3,5,396,133,3,7,5,3,-56,3.976,221.2,TRUE,FALSE,FALSE,3.5825
Mar 22 2026 21:19:41.800 UTC,1774232381.8,1521.9,37.16874,-97.73389,21,3,7,432,144,3,6,6,3,-56,3.976,262.9,TRUE,FALSE,FALSE,5.2548
Mar 22 2026 21:19:41.900 UTC,1774232381.9,1567.0,37.16874,-97.73389,18,3,7,467,156,3,4,8,0,-56,3.976,308.0,TRUE,FALSE,FALSE,6.1024
Mar 22 2026 21:19:42.000 UTC,1774232382.0,1615.9,37.16874,-97.73389,17,3,9,503,164,3,4,7,0,-56,3.976,356.9,TRUE,FALSE,FALSE,6.1024
Mar 22 2026 21:19:42.200 UTC,1774232382.2,1723.8,37.16873,-97.73389,16,3,14,574,176,3,3,5,1,-59,3.976,464.8,TRUE,FALSE,FALSE,8.2617
Mar 22 2026 21:19:42.300 UTC,1774232382.3,1783.3,37.16872,-97.73389,15,3,16,608,176,3,1,4,3,-59,3.976,524.3,TRUE,FALSE,FALSE,9.4682
Mar 22 2026 21:19:42.400 UTC,1774232382.4,1846.1,37.16872,-97.73389,18,3,16,641,176,3,1,7,3,-59,3.976,587.1,TRUE,FALSE,FALSE,10.7113
Mar 22 2026 21:19:42.500 UTC,1774232382.5,1911.8,37.16871,-97.73389,18,3,13,670,175,3,2,3,6,-59,3.976,652.8,TRUE,FALSE,FALSE,13.3026
Mar 22 2026 21:19:42.600 UTC,1774232382.6,1980.8,37.16871,-97.73389,18,3,16,701,-179,3,0,4,5,-59,3.976,721.8,TRUE,FALSE,FALSE,14.6255
Mar 22 2026 21:19:42.700 UTC,1774232382.7,2053.6,37.16870,-97.73389,18,3,20,741,173,3,0,4,5,-59,3.976,794.6,TRUE,FALSE,FALSE,17.2996
Mar 22 2026 21:19:42.800 UTC,1774232382.8,2129.6,37.16869,-97.73389,18,3,23,775,176,3,0,5,4,-59,3.976,870.6,TRUE,FALSE,FALSE,20.0026
Mar 22 2026 21:19:42.900 UTC,1774232382.9,2208.3,37.16869,-97.73389,17,3,21,804,176,3,0,7,2,-59,3.976,949.3,TRUE,FALSE,FALSE,22.7306
Mar 22 2026 21:19:43.000 UTC,1774232383.0,2288.7,37.16868,-97.73388,15,3,22,806,160,3,2,4,2,-59,3.976,1029.7,TRUE,FALSE,FALSE,24.6040
Mar 22 2026 21:19:43.200 UTC,1774232383.2,2458.2,37.16867,-97.73388,13,3,24,868,160,3,3,4,1,-54,3.976,1199.2,TRUE,FALSE,FALSE,30.0075
Mar 22 2026 21:19:43.300 UTC,1774232383.3,2550.3,37.16866,-97.73388,14,3,26,900,159,3,1,6,3,-54,3.976,1291.3,TRUE,FALSE,FALSE,32.7290
Mar 22 2026 21:19:43.400 UTC,1774232383.4,2643.3,37.16865,-97.73387,15,3,32,921,166,3,1,3,7,-54,3.976,1384.3,TRUE,FALSE,FALSE,35.9470
Mar 22 2026 21:19:43.500 UTC,1774232383.5,2741.6,37.16864,-97.73387,15,3,33,960,163,3,1,6,3,-54,3.994,1482.6,TRUE,FALSE,FALSE,41.3696
Mar 22 2026 21:19:43.600 UTC,1774232383.6,2845.3,37.16862,-97.73387,14,3,36,1004,164,3,0,8,3,-54,3.994,1586.3,TRUE,FALSE,FALSE,45.4591
Mar 22 2026 21:19:43.700 UTC,1774232383.7,2951.2,37.16861,-97.73387,14,3,37,1035,170,3,2,5,4,-54,3.994,1692.2,TRUE,FALSE,FALSE,49.5653
Mar 22 2026 21:19:43.800 UTC,1774232383.8,3059.7,37.16860,-97.73387,14,3,40,1065,173,3,3,3,4,-54,3.994,1800.7,TRUE,FALSE,FALSE,53.6815
Mar 22 2026 21:19:43.900 UTC,1774232383.9,3172.2,37.16859,-97.73387,15,3,44,1101,174,3,1,8,3,-54,3.994,1913.2,TRUE,FALSE,FALSE,59.1862
Mar 22 2026 21:19:44.000 UTC,1774232384.0,3286.4,37.16858,-97.73387,16,3,47,1125,176,3,1,6,4,-54,3.994,2027.4,TRUE,FALSE,FALSE,63.3205
Mar 22 2026 21:19:44.200 UTC,1774232384.2,3517.3,37.16854,-97.73387,15,3,50,1164,176,3,1,8,4,-53,3.994,2258.3,TRUE,FALSE,FALSE,74.3736
Mar 22 2026 21:19:44.300 UTC,1774232384.3,3637.9,37.16853,-97.73387,16,3,52,1186,178,3,2,9,3,-53,3.994,2378.9,TRUE,FALSE,FALSE,79.9093
Mar 22 2026 21:19:44.400 UTC,1774232384.4,3764.2,37.16851,-97.73387,16,3,57,1219,-178,3,2,7,4,-53,3.994,2505.2,TRUE,FALSE,FALSE,85.4494
Mar 22 2026 21:19:44.500 UTC,1774232384.5,3891.6,37.16850,-97.73387,17,3,62,1243,179,3,1,8,4,-53,3.994,2632.6,TRUE,FALSE,FALSE,92.3801
Mar 22 2026 21:19:44.600 UTC,1774232384.6,4020.9,37.16848,-97.73387,16,3,60,1268,174,3,1,8,3,-53,3.994,2761.9,TRUE,FALSE,FALSE,99.3167
Mar 22 2026 21:19:44.800 UTC,1774232384.8,4282.0,37.16845,-97.73387,17,3,57,1298,177,3,3,5,4,-53,3.994,3023.0,TRUE,FALSE,FALSE,110.4217
Mar 22 2026 21:19:44.900 UTC,1774232384.9,4416.9,37.16843,-97.73387,18,3,57,1319,-179,3,3,9,2,-53,3.994,3157.9,TRUE,FALSE,FALSE,115.9777
Mar 22 2026 21:19:45.000 UTC,1774232385.0,4554.6,37.16841,-97.73387,18,3,61,1341,-172,3,1,10,2,-53,3.994,3295.6,TRUE,FALSE,FALSE,122.9242
Mar 22 2026 21:19:45.200 UTC,1774232385.2,4825.1,37.16837,-97.73389,17,3,92,1345,-163,3,1,6,5,-50,3.994,3566.1,TRUE,FALSE,FALSE,138.0000
Mar 22 2026 21:19:45.300 UTC,1774232385.3,4959.0,37.16835,-97.73389,15,3,92,1339,-166,3,0,2,10,-50,3.994,3700.0,TRUE,FALSE,FALSE,146.3046
Mar 22 2026 21:19:45.400 UTC,1774232385.4,5096.2,37.16832,-97.73390,14,3,90,1348,-163,3,0,0,7,-50,3.994,3837.2,TRUE,FALSE,FALSE,156.0400
Mar 22 2026 21:19:45.500 UTC,1774232385.5,5233.6,37.16830,-97.73391,12,3,91,1355,-163,3,0,0,4,-50,3.994,3974.6,TRUE,FALSE,FALSE,164.4145
Mar 22 2026 21:19:45.600 UTC,1774232385.6,5371.1,37.16827,-97.73392,13,3,97,1360,-165,3,0,0,1,-50,3.994,4112.1,TRUE,FALSE,FALSE,174.2081
Mar 22 2026 21:19:45.700 UTC,1774232385.7,5509.4,37.16824,-97.73392,12,3,98,1364,-164,3,0,0,1,-50,4.0,4250.4,TRUE,FALSE,FALSE,184.0252
Mar 22 2026 21:19:45.800 UTC,1774232385.8,5647.8,37.16822,-97.73394,12,3,99,1368,-164,3,0,0,1,-50,4.0,4388.8,TRUE,FALSE,FALSE,193.9746
Mar 22 2026 21:19:45.900 UTC,1774232385.9,5786.5,37.16819,-97.73395,13,3,96,1372,-165,3,0,0,1,-50,4.0,4527.5,TRUE,FALSE,FALSE,202.4549
Mar 22 2026 21:19:46.000 UTC,1774232386.0,5925.0,37.16817,-97.73396,11,3,95,1375,-165,3,0,0,2,-50,4.0,4666.0,TRUE,FALSE,FALSE,212.3384
Mar 22 2026 21:19:46.200 UTC,1774232386.2,6201.6,37.16812,-97.73397,10,3,91,1381,-166,3,0,0,0,-63,4.0,4942.6,TRUE,FALSE,FALSE,230.7471
Mar 22 2026 21:19:46.300 UTC,1774232386.3,6339.9,37.16809,-97.73398,12,3,98,1378,-165,3,1,0,0,-63,4.0,5080.9,TRUE,FALSE,FALSE,240.6593
Mar 22 2026 21:19:46.400 UTC,1774232386.4,6477.7,37.16806,-97.73399,12,3,98,1374,-161,3,1,0,0,-63,4.0,5218.7,TRUE,FALSE,FALSE,250.5785
Mar 22 2026 21:19:46.500 UTC,1774232386.5,6614.8,37.16804,-97.73400,11,3,102,1372,-157,3,1,0,0,-63,4.0,5355.8,TRUE,FALSE,FALSE,260.7405
Mar 22 2026 21:19:46.700 UTC,1774232386.7,6894.1,37.16798,-97.73403,11,3,124,1381,-154,3,0,1,0,-63,4.0,5635.1,TRUE,FALSE,FALSE,282.5685
Mar 22 2026 21:19:46.800 UTC,1774232386.8,7038.2,37.16795,-97.73405,12,3,128,1393,-154,3,1,0,0,-63,4.0,5779.2,TRUE,FALSE,FALSE,295.9259
Mar 22 2026 21:19:46.900 UTC,1774232386.9,7186.6,37.16791,-97.73407,11,3,133,1413,-155,3,1,0,0,-63,4.0,5927.6,TRUE,FALSE,FALSE,308.9994
Mar 22 2026 21:19:47.000 UTC,1774232387.0,7332.3,37.16788,-97.73409,11,3,133,1422,-157,3,1,0,0,-63,4.0,6073.3,TRUE,FALSE,FALSE,322.0917
Mar 22 2026 21:19:47.200 UTC,1774232387.2,7619.6,37.16781,-97.73412,10,3,134,1427,-158,3,0,1,0,-75,4.0,6360.6,TRUE,FALSE,FALSE,348.3241
Mar 22 2026 21:19:47.300 UTC,1774232387.3,7762.3,37.16777,-97.73414,9,3,133,1426,-159,3,0,1,0,-75,4.0,6503.3,TRUE,FALSE,FALSE,361.8762
Mar 22 2026 21:19:47.500 UTC,1774232387.5,8047.6,37.16770,-97.73417,9,3,134,1425,-160,3,0,1,0,-75,4.0,6788.6,TRUE,FALSE,FALSE,389.5708
Mar 22 2026 21:19:47.600 UTC,1774232387.6,8190.9,37.16767,-97.73418,8,3,136,1425,-161,3,0,1,0,-75,4.0,6931.9,TRUE,FALSE,FALSE,402.7480
Mar 22 2026 21:19:47.700 UTC,1774232387.7,8333.3,37.16763,-97.73420,6,3,137,1424,-161,3,0,0,1,-75,4.0,7074.3,TRUE,FALSE,FALSE,417.2958
Mar 22 2026 21:19:47.800 UTC,1774232387.8,8475.6,37.16759,-97.73421,6,3,137,1424,-162,3,0,0,1,-75,4.0,7216.6,TRUE,FALSE,FALSE,431.8485
Mar 22 2026 21:19:47.900 UTC,1774232387.9,8618.4,37.16756,-97.73422,6,3,137,1423,-162,3,0,0,1,-75,4.0,7359.4,TRUE,FALSE,FALSE,444.5741
Mar 22 2026 21:19:48.000 UTC,1774232388.0,8761.1,37.16752,-97.73424,6,3,140,1422,-162,3,0,0,1,-75,4.0,7502.1,TRUE,FALSE,FALSE,459.1299
Mar 22 2026 21:19:48.200 UTC,1774232388.2,9046.6,37.16745,-97.73427,4,3,137,1421,-161,3,0,0,1,-53,3.999,7787.6,TRUE,FALSE,FALSE,486.8942
Mar 22 2026 21:19:48.300 UTC,1774232388.3,9189.5,37.16741,-97.73429,4,3,136,1420,-161,3,0,0,1,-53,3.999,7930.5,TRUE,FALSE,FALSE,501.9585
Mar 22 2026 21:19:48.400 UTC,1774232388.4,9432.0,37.16769,-97.73438,4,3,152,1456,-50,3,0,0,0,-53,3.999,8173.0,TRUE,TRUE,FALSE,411.0517
Mar 22 2026 21:19:48.500 UTC,1774232388.5,8801.2,37.16739,-97.73433,4,3,105,309,57,3,1,0,1,-53,3.999,7542.2,TRUE,TRUE,FALSE,512.6846
Mar 22 2026 21:19:48.600 UTC,1774232388.6,8709.8,37.16735,-97.73442,5,3,4,153,150,3,1,1,0,-53,3.999,7450.8,TRUE,TRUE,FALSE,533.1369
Mar 22 2026 21:19:48.700 UTC,1774232388.7,8674.9,37.16735,-97.73446,5,3,12,85,-134,3,2,0,0,-53,3.999,7415.9,TRUE,TRUE,FALSE,535.0588
Mar 22 2026 21:19:48.800 UTC,1774232388.8,8654.3,37.16737,-97.73448,5,3,7,57,144,3,2,0,1,-53,3.999,7395.3,TRUE,TRUE,FALSE,531.8266
Mar 22 2026 21:19:48.900 UTC,1774232388.9,8659.0,37.16739,-97.73449,5,3,15,57,113,3,1,0,1,-53,3.999,7400.0,TRUE,TRUE,FALSE,523.3083
Mar 22 2026 21:19:49.000 UTC,1774232389.0,8662.8,37.16740,-97.73448,5,3,12,53,95,3,1,1,1,-53,3.999,7403.8,TRUE,TRUE,FALSE,521.2688
Mar 22 2026 21:19:49.200 UTC,1774232389.2,8663.5,37.16743,-97.73450,5,3,10,41,84,3,0,2,1,-56,3.999,7404.5,TRUE,TRUE,FALSE,512.2204
Mar 22 2026 21:19:49.300 UTC,1774232389.3,8654.4,37.16746,-97.73452,5,3,10,30,92,3,0,2,0,-56,3.999,7395.4,TRUE,TRUE,FALSE,504.0833
Mar 22 2026 21:19:49.400 UTC,1774232389.4,8644.2,37.16748,-97.73454,5,3,13,26,101,3,0,2,0,-56,3.999,7385.2,TRUE,TRUE,FALSE,496.6158
Mar 22 2026 21:19:49.500 UTC,1774232389.5,8633.3,37.16748,-97.73454,5,3,15,22,100,3,0,2,0,-56,3.999,7374.3,TRUE,TRUE,FALSE,496.6158
Mar 22 2026 21:19:49.900 UTC,1774232389.9,8631.5,37.16753,-97.73454,5,3,14,2,91,3,0,1,1,-56,3.999,7372.5,TRUE,TRUE,FALSE,483.2708
Mar 22 2026 21:19:52.600 UTC,1774232392.6,5948.5,37.16833,-97.73405,16,3,11,-71,62,3,4,6,0,-65,3.996,4689.5,TRUE,TRUE,FALSE,157.6114
Mar 22 2026 21:19:52.700 UTC,1774232392.7,5826.1,37.16822,-97.73392,21,3,11,-73,63,3,6,7,1,-65,3.996,4567.1,TRUE,TRUE,FALSE,192.3149
Mar 22 2026 21:19:52.800 UTC,1774232392.8,5772.9,37.16817,-97.73387,21,3,12,-75,63,3,5,8,1,-65,3.996,4513.9,TRUE,TRUE,FALSE,210.5630
Mar 22 2026 21:19:52.900 UTC,1774232392.9,5732.0,37.16813,-97.73383,21,3,13,-78,64,3,5,7,2,-65,3.996,4473.0,TRUE,TRUE,FALSE,227.9715
Mar 22 2026 21:19:53.000 UTC,1774232393.0,5709.8,37.16811,-97.73382,21,3,15,-79,65,3,5,7,2,-65,3.996,4450.8,TRUE,TRUE,FALSE,235.3308
Mar 22 2026 21:19:53.200 UTC,1774232393.2,5686.1,37.16809,-97.73380,20,3,17,-79,61,3,5,6,3,-67,3.996,4427.1,TRUE,TRUE,FALSE,239.9818
Mar 22 2026 21:19:53.300 UTC,1774232393.3,5673.5,37.16809,-97.73380,21,3,17,-80,57,3,6,5,3,-67,3.996,4414.5,TRUE,TRUE,FALSE,243.0223
Mar 22 2026 21:19:53.400 UTC,1774232393.4,5662.0,37.16808,-97.73379,22,3,17,-81,56,3,7,5,2,-67,3.996,4403.0,TRUE,TRUE,FALSE,244.6965
Mar 22 2026 21:19:53.500 UTC,1774232393.5,5651.1,37.16808,-97.73378,22,3,17,-82,54,3,5,7,2,-67,3.996,4392.1,TRUE,TRUE,FALSE,246.3872
Mar 22 2026 21:19:53.600 UTC,1774232393.6,5638.9,37.16808,-97.73377,21,3,16,-83,53,3,5,7,2,-67,3.996,4379.9,TRUE,TRUE,FALSE,246.7171
Mar 22 2026 21:19:53.700 UTC,1774232393.7,5627.6,37.16808,-97.73376,21,3,16,-84,53,3,4,7,3,-67,3.996,4368.6,TRUE,TRUE,FALSE,248.4415
Mar 22 2026 21:19:53.800 UTC,1774232393.8,5617.3,37.16808,-97.73376,20,3,15,-85,57,3,3,6,4,-67,3.996,4358.3,TRUE,TRUE,FALSE,248.4415
Mar 22 2026 21:19:53.900 UTC,1774232393.9,5606.8,37.16808,-97.73376,20,3,14,-86,65,3,3,6,4,-67,4.001,4347.8,TRUE,TRUE,FALSE,248.8083
Mar 22 2026 21:19:54.000 UTC,1774232394.0,5596.5,37.16808,-97.73376,21,3,14,-86,70,3,3,7,4,-67,4.001,4337.5,TRUE,TRUE,FALSE,248.8083
Mar 22 2026 21:19:54.200 UTC,1774232394.2,5577.6,37.16808,-97.73374,23,3,14,-87,65,3,4,8,5,-65,4.001,4318.6,TRUE,TRUE,FALSE,249.5996
Mar 22 2026 21:19:54.300 UTC,1774232394.3,5567.7,37.16808,-97.73374,23,3,13,-87,61,3,4,7,6,-65,4.001,4308.7,TRUE,TRUE,FALSE,249.5996
Mar 22 2026 21:19:54.400 UTC,1774232394.4,5558.1,37.16808,-97.73373,23,3,13,-88,55,3,4,6,7,-65,4.001,4299.1,TRUE,TRUE,FALSE,250.0240
Mar 22 2026 21:19:54.500 UTC,1774232394.5,5548.9,37.16808,-97.73373,24,3,14,-85,62,3,3,8,8,-65,4.001,4289.9,TRUE,TRUE,FALSE,248.6578
Mar 22 2026 21:19:54.600 UTC,1774232394.6,5539.8,37.16808,-97.73373,24,3,15,-86,61,3,1,10,7,-65,4.001,4280.8,TRUE,TRUE,FALSE,249.1036
Mar 22 2026 21:19:54.700 UTC,1774232394.7,5530.7,37.16808,-97.73372,24,3,14,-87,57,3,1,6,10,-65,4.001,4271.7,TRUE,TRUE,FALSE,249.5682
Mar 22 2026 21:19:54.800 UTC,1774232394.8,5521.9,37.16808,-97.73372,24,3,13,-86,52,3,0,3,11,-65,4.001,4262.9,TRUE,TRUE,FALSE,248.2074
Mar 22 2026 21:19:54.900 UTC,1774232394.9,5513.5,37.16809,-97.73372,22,3,12,-85,50,3,0,3,8,-65,4.001,4254.5,TRUE,TRUE,FALSE,246.8469
Mar 22 2026 21:19:55.000 UTC,1774232395.0,5503.7,37.16809,-97.73371,22,3,14,-84,47,3,0,5,9,-65,4.001,4244.7,TRUE,TRUE,FALSE,247.3358
Mar 22 2026 21:19:56.000 UTC,1774232396.0,5404.2,37.16812,-97.73366,28,3,19,-94,33,3,3,5,12,-60,4.001,4145.2,TRUE,TRUE,FALSE,240.6104
Mar 22 2026 21:19:57.000 UTC,1774232397.0,5301.5,37.16816,-97.73361,29,3,14,-104,38,3,1,10,10,-54,4.001,4042.5,TRUE,TRUE,FALSE,230.5494
Mar 22 2026 21:19:58.000 UTC,1774232398.0,5192.5,37.16819,-97.73358,31,3,23,-96,37,3,0,6,16,-53,4.001,3933.5,TRUE,TRUE,FALSE,222.5023
Mar 22 2026 21:19:59.000 UTC,1774232399.0,5082.2,37.16824,-97.73354,31,3,16,-114,26,3,1,10,12,-53,3.996,3823.2,TRUE,TRUE,FALSE,212.6637
Mar 22 2026 21:20:00.000 UTC,1774232400.0,4969.5,37.16829,-97.73352,31,3,17,-105,21,3,0,11,10,-58,3.996,3710.5,TRUE,TRUE,FALSE,201.8517
Mar 22 2026 21:20:01.000 UTC,1774232401.0,4852.5,37.16833,-97.73351,31,3,18,-115,9,3,0,6,15,-63,3.996,3593.5,TRUE,TRUE,FALSE,190.7686
Mar 22 2026 21:20:02.000 UTC,1774232402.0,4740.7,37.16838,-97.73349,31,3,23,-113,5,3,0,9,12,-61,3.996,3481.7,TRUE,TRUE,FALSE,178.5898
Mar 22 2026 21:20:03.000 UTC,1774232403.0,4629.7,37.16846,-97.73348,30,3,29,-111,14,3,0,7,15,-60,3.993,3370.7,TRUE,TRUE,FALSE,161.6328
Mar 22 2026 21:20:04.000 UTC,1774232404.0,4522.1,37.16853,-97.73345,31,3,19,-111,18,3,0,13,10,-58,3.993,3263.1,TRUE,TRUE,FALSE,153.9204
Mar 22 2026 21:20:05.000 UTC,1774232405.0,4412.3,37.16858,-97.73344,31,3,21,-101,16,3,0,8,15,-58,3.973,3153.3,TRUE,TRUE,FALSE,148.6706
Mar 22 2026 21:20:06.000 UTC,1774232406.0,4297.9,37.16864,-97.73342,31,3,27,-116,7,3,6,9,9,-58,3.973,3038.9,TRUE,TRUE,FALSE,144.8546
Mar 22 2026 21:20:07.000 UTC,1774232407.0,4185.2,37.16871,-97.73340,31,3,25,-115,5,3,3,9,10,-54,3.973,2926.2,TRUE,TRUE,FALSE,147.2070
Mar 22 2026 21:20:08.000 UTC,1774232408.0,4070.5,37.16879,-97.73340,31,3,26,-110,0,3,0,11,8,-56,3.998,2811.5,TRUE,TRUE,FALSE,147.2063
Mar 22 2026 21:20:09.000 UTC,1774232409.0,3960.1,37.16885,-97.73340,31,3,23,-104,1,3,0,11,5,-58,3.998,2701.1,TRUE,TRUE,FALSE,151.2961
Mar 22 2026 21:20:10.000 UTC,1774232410.0,3850.0,37.16892,-97.73341,30,3,27,-108,-3,3,0,12,10,-54,3.995,2591.0,TRUE,TRUE,FALSE,157.9149
Mar 22 2026 21:20:11.000 UTC,1774232411.0,3743.3,37.16899,-97.73341,31,3,29,-111,8,3,1,11,11,-54,3.995,2484.3,TRUE,TRUE,FALSE,170.3843
Mar 22 2026 21:20:12.000 UTC,1774232412.0,3633.5,37.16908,-97.73338,29,3,30,-100,13,3,1,9,11,-54,3.996,2374.5,TRUE,TRUE,FALSE,194.4952
Mar 22 2026 21:20:13.000 UTC,1774232413.0,3522.6,37.16915,-97.73337,30,3,23,-114,-6,3,1,11,9,-62,3.996,2263.6,TRUE,TRUE,FALSE,214.3995
Mar 22 2026 21:20:14.000 UTC,1774232414.0,3416.0,37.16921,-97.73336,31,3,22,-107,4,3,0,9,12,-52,3.997,2157.0,TRUE,TRUE,FALSE,231.8258
Mar 22 2026 21:20:15.000 UTC,1774232415.0,3306.1,37.16927,-97.73337,31,3,19,-108,-4,3,0,7,15,-59,3.997,2047.1,TRUE,TRUE,FALSE,246.1483
Mar 22 2026 21:20:16.000 UTC,1774232416.0,3201.1,37.16932,-97.73336,31,3,18,-111,3,3,0,12,11,-59,3.997,1942.1,TRUE,TRUE,FALSE,262.8886
Mar 22 2026 21:20:17.000 UTC,1774232417.0,3091.4,37.16937,-97.73336,31,3,16,-103,5,3,1,11,6,-55,3.995,1832.4,TRUE,TRUE,FALSE,276.4494
Mar 22 2026 21:20:18.000 UTC,1774232418.0,2984.3,37.16941,-97.73335,31,3,17,-101,4,3,1,11,8,-55,3.995,1725.3,TRUE,TRUE,FALSE,289.2252
Mar 22 2026 21:20:19.000 UTC,1774232419.0,2878.2,37.16944,-97.73335,31,3,8,-109,-13,3,0,12,12,-53,3.999,1619.2,TRUE,TRUE,FALSE,299.7545
Mar 22 2026 21:20:20.000 UTC,1774232420.0,2772.9,37.16948,-97.73336,30,3,13,-101,6,3,0,11,10,-53,3.999,1513.9,TRUE,TRUE,FALSE,309.2958
Mar 22 2026 21:20:21.000 UTC,1774232421.0,2663.8,37.16950,-97.73336,31,3,8,-112,-32,3,0,11,11,-53,3.996,1404.8,TRUE,TRUE,FALSE,317.7253
Mar 22 2026 21:20:22.000 UTC,1774232422.0,2557.4,37.16953,-97.73337,31,3,17,-109,-13,3,0,7,13,-53,3.996,1298.4,TRUE,TRUE,FALSE,325.1613
Mar 22 2026 21:20:23.000 UTC,1774232423.0,2449.0,37.16958,-97.73335,31,3,19,-100,22,3,3,8,12,-53,3.996,1190.0,TRUE,TRUE,FALSE,344.4591
Mar 22 2026 21:20:24.000 UTC,1774232424.0,2342.8,37.16962,-97.73335,31,3,13,-107,-22,3,3,7,14,-53,3.996,1083.8,TRUE,TRUE,FALSE,356.6171
Mar 22 2026 21:20:25.000 UTC,1774232425.0,2238.6,37.16965,-97.73335,31,3,17,-105,0,3,0,11,10,-45,3.977,979.6,TRUE,TRUE,FALSE,368.1117
Mar 22 2026 21:20:26.000 UTC,1774232426.0,2135.7,37.16970,-97.73335,30,3,17,-105,19,3,0,8,14,-58,3.977,876.7,TRUE,TRUE,FALSE,385.4351
Mar 22 2026 21:20:27.000 UTC,1774232427.0,2033.2,37.16975,-97.73331,31,3,16,-102,30,3,0,10,12,-58,3.977,774.2,TRUE,TRUE,FALSE,404.3397
Mar 22 2026 21:20:28.000 UTC,1774232428.0,1929.5,37.16978,-97.73329,31,3,10,-102,28,3,0,4,13,-57,3.994,670.5,TRUE,TRUE,FALSE,415.9985
Mar 22 2026 21:20:29.000 UTC,1774232429.0,1825.2,37.16982,-97.73329,31,3,14,-100,-3,3,2,10,10,-56,3.994,566.2,TRUE,TRUE,FALSE,428.6379
Mar 22 2026 21:20:30.000 UTC,1774232430.0,1722.1,37.16986,-97.73328,31,3,19,-107,25,3,0,10,12,-55,3.998,463.1,TRUE,TRUE,FALSE,445.7028
Mar 22 2026 21:20:31.000 UTC,1774232431.0,1618.1,37.16991,-97.73325,29,3,18,-103,18,3,0,10,11,-55,3.998,359.1,TRUE,TRUE,FALSE,463.6845
Mar 22 2026 21:20:32.000 UTC,1774232432.0,1518.0,37.16996,-97.73324,30,3,17,-101,17,3,1,12,8,-53,3.997,259.0,TRUE,TRUE,FALSE,482.0471
Mar 22 2026 21:20:33.000 UTC,1774232433.0,1416.2,37.17000,-97.73322,31,3,15,-102,21,3,1,9,12,-61,3.997,157.2,TRUE,TRUE,FALSE,498.7573
Mar 22 2026 21:20:34.000 UTC,1774232434.0,1314.2,37.17004,-97.73320,31,3,10,-104,16,3,0,12,9,-63,3.996,55.2,TRUE,TRUE,FALSE,513.3038
Mar 22 2026 21:20:35.000 UTC,1774232435.0,1208.7,37.17006,-97.73320,28,3,9,-103,-3,3,0,0,4,-55,3.996,-50.3,TRUE,TRUE,FALSE,520.9832
Mar 22 2026 21:20:38.000 UTC,1774232438.0,1077.0,37.17030,-97.73292,5,3,202,187,14,3,0,2,0,-55,4.0,-182.0,TRUE,TRUE,TRUE,635.2741
Mar 22 2026 21:20:39.000 UTC,1774232439.0,1091.6,37.17032,-97.73286,12,3,0,0,125,3,0,7,0,-55,3.98,-167.4,TRUE,TRUE,TRUE,648.5883
Mar 22 2026 21:20:40.000 UTC,1774232440.0,1110.4,37.17030,-97.73296,15,3,0,0,-119,3,1,8,0,-55,3.98,-148.6,TRUE,TRUE,TRUE,629.3798
Mar 22 2026 21:20:41.000 UTC,1774232441.0,1133.5,37.17023,-97.73309,24,3,0,0,-15,3,1,12,5,-55,3.999,-125.5,TRUE,TRUE,TRUE,590.4718
Mar 22 2026 21:20:42.000 UTC,1774232442.0,1162.7,37.17012,-97.73315,26,3,0,0,-3,3,1,14,4,-55,3.999,-96.3,TRUE,TRUE,TRUE,547.6121
Mar 22 2026 21:20:43.000 UTC,1774232443.0,1199.1,37.17007,-97.73318,27,3,0,0,131,3,1,14,4,-55,3.993,-59.9,TRUE,TRUE,TRUE,526.1825
